distance_angstrom,basis,rhf_hartree,fci_hartree,correlation_hartree,atom_hartree,fci_binding_hartree,orbitals,dense_fci_delta_hartree,rhf_tight_delta_hartree,scf_cycles,scf_commutator_norm,fci_spin_squared
0.4,sto-3g,-0.9043613941635398,-0.9141497046270857,-0.00978831046354589,-0.4665818495572752,0.01901399448746477,2,1.3322676295501878e-15,0.0,2,7.021666937153402e-16,0.0
0.55,sto-3g,-1.0790507361774573,-1.092629906745107,-0.01357917056764979,-0.4665818495572752,-0.15946620763055663,2,1.3322676295501878e-15,0.0,2,3.1401849173675503e-16,0.0
0.7,sto-3g,-1.11734903499028,-1.136189454065923,-0.018840419075643045,-0.4665818495572752,-0.20302575495137254,2,8.881784197001252e-16,0.0,2,3.1401849173675503e-16,0.0
0.85,sto-3g,-1.1025105539245952,-1.1283618784581115,-0.02585132453351635,-0.4665818495572752,-0.1951981793435611,2,4.440892098500626e-16,0.0,2,1.9229626863835638e-16,0.0
1.0,sto-3g,-1.0661086493179361,-1.101150330232619,-0.03504168091468296,-0.4665818495572752,-0.16798663111806866,2,0.0,0.0,2,1.5700924586837752e-16,0.0
1.15,sto-3g,-1.020964143579894,-1.0679296589128588,-0.04696551533296489,-0.4665818495572752,-0.1347659597983084,2,0.0,0.0,2,0.0,0.0
1.2999999999999998,sto-3g,-0.9731106157775784,-1.0351862664342544,-0.062075650656675974,-0.4665818495572752,-0.10202256731970394,2,2.220446049250313e-16,0.0,2,0.0,0.0
1.4500000000000002,sto-3g,-0.9260171757381512,-1.0064869318291219,-0.08046975609097062,-0.4665818495572752,-0.07332323271457142,2,2.220446049250313e-16,0.0,2,2.830524433501838e-16,0.0
1.6,sto-3g,-0.8817324499460564,-0.9834727290331733,-0.10174027908711691,-0.4665818495572752,-0.05030902991862285,2,0.0,0.0,2,9.614813431917819e-17,0.0
1.75,sto-3g,-0.8413485984542797,-0.9663345447803102,-0.12498594632603055,-0.4665818495572752,-0.033170845665759785,2,0.0,0.0,2,5.551115123125783e-17,0.0
1.9,sto-3g,-0.8053328448932773,-0.9543388539987274,-0.14900600910545014,-0.4665818495572752,-0.021175154884176983,2,2.220446049250313e-16,0.0,2,1.1102230246251565e-16,0.0
2.05,sto-3g,-0.7737492084058443,-0.9463497373256132,-0.17260052891976896,-0.4665818495572752,-0.01318603821106279,2,2.220446049250313e-16,0.0,2,0.0,0.0
2.1999999999999997,sto-3g,-0.746401349991159,-0.9412240336932618,-0.19482268370210276,-0.4665818495572752,-0.008060334578711359,2,4.440892098500626e-16,0.0,2,1.1102230246251565e-16,0.0
2.35,sto-3g,-0.7229390719684007,-0.9380208647377853,-0.21508179276938466,-0.4665818495572752,-0.004857165623234905,2,2.220446049250313e-16,0.0,2,2.9634845277824204e-16,0.0
2.5,sto-3g,-0.7029435997235269,-0.9360549199556059,-0.23311132023207892,-0.4665818495572752,-0.0028912208410554197,2,0.0,0.0,2,0.0,0.0
2.65,sto-3g,-0.6859878216937021,-0.9348641289302553,-0.24887630723655318,-0.4665818495572752,-0.0017004298157048403,2,2.220446049250313e-16,0.0,2,4.337513624270249e-15,0.0
2.8,sto-3g,-0.6716688597517283,-0.9341510956709369,-0.2624822359192086,-0.4665818495572752,-0.0009873965563864662,2,2.220446049250313e-16,0.0,2,5.632809270320901e-15,0.0
2.9499999999999997,sto-3g,-0.6596190424624402,-0.9337292208393857,-0.2741101783769455,-0.4665818495572752,-0.0005655217248352606,2,2.220446049250313e-16,0.0,2,2.457194697840108e-14,0.0
3.0999999999999996,sto-3g,-0.6495057758901859,-0.9334829403801632,-0.28397716448997734,-0.4665818495572752,-0.00031924126561277966,2,0.0,0.0,2,7.819060936869576e-14,0.0
3.25,sto-3g,-0.6410288556141583,-0.9333412807074534,-0.292312425093295,-0.4665818495572752,-0.00017758159290293118,2,4.440892098500626e-16,0.0,2,9.324387208651136e-14,0.0
3.4,sto-3g,-0.6339191329470482,-0.9332610574596036,-0.2993419245125555,-0.4665818495572752,-9.735834505320007e-05,2,0.0,0.0,2,1.0554946918435768e-13,0.0
3.55,sto-3g,-0.6279387660597736,-0.9332163292611273,-0.3052775632013537,-0.4665818495572752,-5.2630146576859715e-05,2,4.440892098500626e-16,0.0,2,3.925231146709438e-17,0.0
3.6999999999999997,sto-3g,-0.6228817736596991,-0.9331917641317219,-0.3103099904720228,-0.4665818495572752,-2.806501717145249e-05,2,4.440892098500626e-16,0.0,2,2.768269301002644e-13,0.0
3.8499999999999996,sto-3g,-0.618573708294093,-0.9331784644960295,-0.3146047562019365,-0.4665818495572752,-1.4765381479042716e-05,2,0.0,0.0,2,2.033269790827985e-13,0.0
4.0,sto-3g,-0.6148699740425605,-0.9331713618436478,-0.3183013878010873,-0.4665818495572752,-7.662729097357435e-06,2,0.0,0.0,2,3.1794372288346445e-15,0.0
